feature,PC2,abs_PC2
avg_item_discount_pct,0.5711859091005538,0.5711859091005538
online_order_share,0.4232488452086902,0.4232488452086902
return_rate_per_unit,0.4194157678180322,0.4194157678180322
recency_days,0.3296578511517569,0.3296578511517569
avg_order_value,0.21372181134989157,0.21372181134989157
total_units,-0.1849088083703166,0.1849088083703166
total_net_revenue,-0.16008633350066587,0.16008633350066587
total_orders,-0.15149163117408707,0.15149163117408707
